<ImportExportXml xmlns:xsi="http://www.w3.org/2001/XMLSchema-instance" OrganizationVersion="9.2.25035.190" OrganizationSchemaType="Standard" CRMServerServiceabilityVersion="9.2.25035.00190">
  <Entities></Entities>
  <Roles></Roles>
  <Workflows></Workflows>
  <FieldSecurityProfiles></FieldSecurityProfiles>
  <Templates />
  <EntityMaps />
  <EntityRelationships />
  <OrganizationSettings />
  <optionsets />
  <CustomControls />
  <EntityDataProviders />
  <CanvasApps>
    <CanvasApp>
      <Name>cr169_aplicativoresumodepauta12_cbe4f</Name>
      <AppVersion>2025-04-09T04:17:08Z</AppVersion>
      <Status>Ready</Status>
      <CreatedByClientVersion>3.25035.12.0</CreatedByClientVersion>
      <MinClientVersion>3.25035.12.0</MinClientVersion>
      <Tags>{"primaryDeviceWidth":"1366","primaryDeviceHeight":"768","supportsPortrait":"true","supportsLandscape":"true","primaryFormFactor":"Tablet","showStatusBar":"false","publisherVersion":"3.25035.12","minimumRequiredApiVersion":"2.2.0","hasComponent":"true","hasUnlockedComponent":"true","isUnifiedRootApp":"false","sienaVersion":"20250409T041708Z-3.25035.12.0"}</Tags>
      <IsCdsUpgraded>0</IsCdsUpgraded>
      <GalleryItemId xsi:nil="true"></GalleryItemId>
      <BackgroundColor>RGBA(0,176,240,1)</BackgroundColor>
      <DisplayName>Aplicativo Resumo de Pauta</DisplayName>
      <Description xsi:nil="true"></Description>
      <CommitMessage xsi:nil="true"></CommitMessage>
      <Publisher xsi:nil="true"></Publisher>
      <AuthorizationReferences>[]</AuthorizationReferences>
      <ConnectionReferences>{}</ConnectionReferences>
      <DatabaseReferences>{"default.cds":{"databaseDetails":{"referenceType":"Environmental","environmentName":"default.cds","overrideValues":{"status":"NotSpecified","environmentVariableName":""}},"dataSources":{"Sessão Plenária 17.02.2025":{"entitySetName":"cr169_sessaoplenaria17022025s","logicalName":"cr169_sessaoplenaria17022025"},"Sessão Plenária 26.02.2025":{"entitySetName":"cr169_sessaoplenaria26022025s","logicalName":"cr169_sessaoplenaria26022025"},"Sessão Plenária 10.03.2025":{"entitySetName":"cr169_sessaoplenaria10032025s","logicalName":"cr169_sessaoplenaria10032025"}}}}</DatabaseReferences>
      <AppComponents>[]</AppComponents>
      <AppComponentDependencies>[]</AppComponentDependencies>
      <CanConsumeAppPass>0</CanConsumeAppPass>
      <CanvasAppType>0</CanvasAppType>
      <BypassConsent>0</BypassConsent>
      <AdminControlBypassConsent>0</AdminControlBypassConsent>
      <EmbeddedApp xsi:nil="true"></EmbeddedApp>
      <IntroducedVersion>1.0</IntroducedVersion>
      <CdsDependencies>{"cdsdependencies":[{"logicalname":"cr169_sessaoplenaria17022025","componenttype":1},{"logicalname":"cr169_sessaoplenaria26022025","componenttype":1},{"logicalname":"cr169_sessaoplenaria10032025","componenttype":1}]}</CdsDependencies>
      <IsCustomizable>1</IsCustomizable>
      <BackgroundImageUri>/CanvasApps/cr169_aplicativoresumodepauta12_cbe4f_BackgroundImageUri</BackgroundImageUri>
      <DocumentUri>/CanvasApps/cr169_aplicativoresumodepauta12_cbe4f_DocumentUri.msapp</DocumentUri>
      <AdditionalUris>
        <AdditionalUri>/CanvasApps/cr169_aplicativoresumodepauta12_cbe4f_AdditionalUris0_identity.json</AdditionalUri>
      </AdditionalUris>
    </CanvasApp>
  </CanvasApps>
  <Languages>
    <Language>1046</Language>
  </Languages>
</ImportExportXml>